question,ground_truth,answer,contexts,faithfulness,answer_relevancy,context_precision,answer_correctness,context_recall
ラジオカセットの販売、どこで？,ラジオカセット（ラジカセ）の販売は中規模家電量販店のラジカセ売り場で販売されています。しかし2020年以降、日本国内のラジカセ売り場はかなり面積が小さくなってきており、主に並んでいるのは大手日本メーカーの場合、東芝とソニーの各種ラジカセに見られるのみとなっており、それ以外は家電量販店がオリジナルブランドの形で中国などのASEANメーカーから調達して機種を数点並べ、総計でも１０種類前後というような状況になっています。,中規模家電量販店で購入できます。,"['ラジオカセット（ラジカセ）の販売は中規模家電量販店のラジカセ売り場で販売されています。しかし2020年以降、日本国内のラジカセ売り場はかなり面積が小さくなってきており、主に並んでいるのは大手日本メーカーの場合、東芝とソニーの各種ラジカセに見られるのみとなっており、それ以外は家電量販店がオリジナルブランドの形で中国などのASEANメーカーから調達して機種を数点並べ、総計でも１０種類前後というような状況になっています。'
 'ラテ兼営局は2021年4月1日現在、31局存在し、全てAM局とTV局の兼営となっています。1969年に超短波放送ラジオ（FM）が開始されたときは、その普及に当たって配慮が不要だったため、元々はFMとTVとの兼営は認められておらず、実際、テレビ単営局のFM放送免許を取ろうとした例が幾つか存在しましたが、何れも郵政省に取り下げられ、ラテ兼営は「AMとTV」の組み合わせがほとんどとなりました。'
 'ニッポン放送の周波数は1242kHzです。東京地区で1950年代初頭に開局した民放のラジオ東京と文化放送に続いて1954年に財界を中心とした約200社の出資で開局しました。また、産経新聞、夕刊フジ、サンケイスポーツなどを発行する産業経済新聞社やフジテレビとともにフジサンケイグループを構成する中核企業でもあります。文化放送とともにラジオネットワーク「NRN」のキー局を務めています。']",1.0,0.9627913305553256,0.9999999999,0.38025028549413487,1.0
会社などで人手不足を解消させるにはどんな手段がありますか？,人手不足の解消法の一つとして求人があり、求人（きゅうじん）は、労働力となる者を収集するために行う告知および雇用契約の誘引行為のことです。事業者は労働力もしくは一定のスキル・ノウハウの確保のために、労働者の雇用の必要性が生じます。求める人の職種によって、求人方法は異なっており、一般的なものとしてはハローワーク、職業紹介所、インターネット媒体や紙媒体などがあります。,求人活動を強化し、適切な労働条件を提供することです。,"['人手不足の解消法の一つとして求人があり、求人（きゅうじん）は、労働力となる者を収集するために行う告知および雇用契約の誘引行為のことです。事業者は労働力もしくは一定のスキル・ノウハウの確保のために、労働者の雇用の必要性が生じます。求める人の職種によって、求人方法は異なっており、一般的なものとしてはハローワーク、職業紹介所、インターネット媒体や紙媒体などがあります。'
 'リモートワーク時の情報漏えいの原因として、セキュリティ問題に対する意識の向上とトレーニングを行っているにもかかわらず、多くの従業員がセキュリティリスクを抑止するために必要な予防措置を講じていないのが原因です。具体的には、未公開に設定すべきものが公開設定になっていたことや想像されやすいパスワードが設定されていたこと、管理者権限を得られる状態になっていたこと、業務データを外部へ持ち出すこと、業務用パソコンを私用で使うこと、記憶メディアの消去が不十分だったことがあげられます。'
 '強制労働の原因について、タクシー運転手が早期に退職しようとした時、会社負担だった第二種運転免許取得費用の返済、英会話留学費用の返済などに絡む強制労働問題などがあります。公共職業安定所の求人票などとは極端に異なる労働条件での就労の、半ば強要か強制労働に当たるのではないかという問題があります。児童労働の原因について、原因は貧困であるとされているが、学校などの教育は重要ではないという親の考え方、子どもは従順で低賃金で雇えるという雇用主側の都合など、様々な要因が複雑に絡み合っています。最近では、絶対的な経済的貧困状態より、地域の経済格差による貧困感の方が児童労働の主な要因であるとされるものもあります。']",0.0,0.9374263416154177,0.9999999999,0.43519888022153663,1.0
いきなり目の前の火山が噴火したんだが、どうやって生存しようか？,噴火とは、火山からマグマや火山灰などが比較的急速に地中や水中に噴き出す現象のことです。この場合は既に身近に危険が及んでいるため、別の場所へ移る緊急避難を行ないましょう。噴火から逃げるために、災害の危険から逃れるべく緊急的に身の安全を確保する目的で設置された指定緊急避難場所が設置されています。災害の種類ごとに指定緊急避難場所の可・不可があり、噴火の際に避難してはいけないような場所もあります。,指定緊急避難場所へ直ちに避難してください。,"['噴火とは、火山からマグマや火山灰などが比較的急速に地中や水中に噴き出す現象のことです。この場合は既に身近に危険が及んでいるため、別の場所へ移る緊急避難を行ないましょう。噴火から逃げるために、災害の危険から逃れるべく緊急的に身の安全を確保する目的で設置された指定緊急避難場所が設置されています。災害の種類ごとに指定緊急避難場所の可・不可があり、噴火の際に避難してはいけないような場所もあります。'
 '山火事の原因には落雷や火山噴火などによる自然発火や、病害虫による立ち枯れや熱波などで乾燥した樹木の枯れ枝や枯れ葉などの摩擦よる発火があります。また人間の手によるたき火、野焼き（火入れ）、焼畑農業、ゴミなどの野外焼却、タバコの不始末、火遊びなどによる失火、あるいは放火等が要因でもあります。その他、電力会社が敷設する電線のショートによる発火、航空機の墜落、蒸気機関車の煙突から出る火の粉による火災もあります。アメリカ合衆国の2017年調査では地球温暖化が山火事の激化要因であることが示唆されおり、その背景は地球温暖化の進行で山が高温、乾燥状態になるためと分析されています。'
 '野生動物が山を下りてくるのは、基本的に獣の側が人間の生息域に出現する事で被害が顕在化することが多いが、そもそも人間側が原因である環境破壊により生息地の餌資源不足、生息地そのものを失った事で人間の住む地域に野生動物が現れるようになったといった事実や、アライグマ、マングース、チョウセンイタチ、キョン、ヌートリア等のように本来の生態系には存在しないはずの動物を人間が持ち込んだ事が要因である場合もあり、それらの場合は鳥獣害などでは無く、もはや人災であるともいえます。また、人間の側も山村の過疎により、獣を撃退する猟師不足の為に充分な対処が出来ずに状況が悪化する事も多くあります。']",0.0,0.8706156201562081,0.9999999999,0.46672830717679453,1.0
経済省は何をするところですか？,経済産業省とは、日本の行政機関のひとつになります。経済および産業の発展ならびに鉱物資源およびエネルギー資源の供給に関する行政を所管しています。民間の経済活力の向上及び対外経済関係の円滑な発展を中心とする経済及び産業の発展並びに鉱物資源及びエネルギー資源の安定的かつ効率的な供給の確保を図るために、マクロ経済政策、産業政策、通商政策、貿易管理業務、産業技術政策、流通政策、エネルギー政策などを所管しています。,経済産業省は、日本の経済と産業の発展および資源供給を管理する行政機関です。,"['経済産業省は日本の行政機関のひとつです。経済産業省設置法第3条の定める任務である「民間の経済活力の向上及び対外経済関係の円滑な発展を中心とする経済及び産業の発展並びに鉱物資源及びエネルギー資源の安定的かつ効率的な供給の確保を図ること」を達成するためにマクロ経済政策、産業政策、通商政策、貿易管理業務、産業技術政策、流通政策、エネルギー政策などを所管しています。'
 '経済産業省とは、日本の行政機関のひとつになります。経済および産業の発展ならびに鉱物資源およびエネルギー資源の供給に関する行政を所管しています。民間の経済活力の向上及び対外経済関係の円滑な発展を中心とする経済及び産業の発展並びに鉱物資源及びエネルギー資源の安定的かつ効率的な供給の確保を図るために、マクロ経済政策、産業政策、通商政策、貿易管理業務、産業技術政策、流通政策、エネルギー政策などを所管しています。'
 '経済産業省は、日本の行政機関のひとつです。経済および産業の発展ならびに鉱物資源およびエネルギー資源の供給に関する行政を所管しています。民間の経済活力の向上及び対外経済関係の円滑な発展を中心とする経済及び産業の発展並びに鉱物資源及びエネルギー資源の安定的かつ効率的な供給の確保を図るために、マクロ経済政策、産業政策、通商政策、貿易管理業務、産業技術政策、流通政策、エネルギー政策などを所管しています。']",1.0,0.9312189177077196,0.9999999999666667,0.6388627286124735,1.0
コンピュータソフトウェア著作権協会について説明してくれますか？,コンピュータソフトウェア著作権協会とは、1985年10月に社団法人日本パーソナルコンピュータソフトウェア協会（JPSA、現コンピュータソフトウェア協会）内に設立されたソフトウェア法的保護監視機構を祖とする コンピュータソフトウェア、コンテンツなどの著作権者で構成する業界団体のことです。デジタル著作物の著作権者の権利を保護、著作権の普及活動及びモラルハラスメントに代表される情報モラルの普及を目的としています。,コンピュータソフトウェア著作権協会は、ソフトウェアやデジタルコンテンツの著作権保護と普及活動を行う業界団体です。,"['コンピュータソフトウェア著作権協会とは、1985年10月に社団法人日本パーソナルコンピュータソフトウェア協会（JPSA、現コンピュータソフトウェア協会）内に設立されたソフトウェア法的保護監視機構を祖とする コンピュータソフトウェア、コンテンツなどの著作権者で構成する業界団体のことです。デジタル著作物の著作権者の権利を保護、著作権の普及活動及びモラルハラスメントに代表される情報モラルの普及を目的としています。'
 '私的使用の範囲を超えて他人の著作物を無許可でコピーして配信する行為は著作権侵害にあたります。「技術的保護手段の回避により可能となるあるいはその結果に障害が生じないようになった複製をその事実を知りながら行う場合」は私的利用にあたらず、複製権の侵害にあたります。ただし、著作者の死後70年が経過した場合、著作権は消滅するため、当該著作物を無断で利用しても著作権侵害は成立しません。'
 '著作権者の許諾を得ず、二次創作を行った場合、複製権、翻案権、同一性保持権に対する著作権侵害となる可能性があります。著作権者の許諾があれば、許諾の範囲内で二次創作を行う限りにおいて著作権侵害となることはありません。また、公式サイトなどで二次創作を認めるガイドラインの提示を行っている法人や個人の著作権者もおり、ガイドラインに従って権利者に認められた範囲内で利用する場合は侵害にはなりません。個々に許諾申請を求める者もおり、許諾の条件として金銭を求める場合もあります。']",0.6666666666666666,0.9447664951794655,0.9999999999,0.6448974776684742,1.0
